"YearsExperience","Salary","Predicted","Residual"
1.1,39343,38317.3439811341,1025.6560188659
1.3,46205,39974.4024011148,6230.5975988852
1.5,37731,41631.4608210955,-3900.46082109551
2,43525,45774.1068710473,-2249.10687104727
2.2,39891,47431.165291028,-7540.16529102798
2.9,56642,53230.8697609604,3411.13023903955
3,60150,54059.3989709508,6090.6010290492
3.2,54445,55716.4573909315,-1271.45739093151
3.7,57189,59859.1034408833,-2670.10344088327
4,63218,62344.6910708543,873.308929145676
